role,content
file_surfer,"請讀取檔案 ""C:/Users/pecu6/AppData/Local/Temp/tmp8t_w6ql8.csv"" 並返回該檔案的內容摘要，摘要長度請控制在 1000 字內。File surfing error:

Traceback (most recent call last):
  File ""C:\Users\pecu6\OneDrive\桌面\autogen_project\venv\lib\site-packages\autogen_ext\agents\file_surfer\_file_surfer.py"", line 83, in on_messages
    _, content = await self._generate_reply(cancellation_token=cancellation_token)
  File ""C:\Users\pecu6\OneDrive\桌面\autogen_project\venv\lib\site-packages\autogen_ext\agents\file_surfer\_file_surfer.py"", line 129, in _generate_reply
    create_result = await self._model_client.create(
  File ""C:\Users\pecu6\OneDrive\桌面\autogen_project\venv\lib\site-packages\autogen_ext\models\openai\_openai_client.py"", line 534, in create
    result: Union[ParsedChatCompletion[BaseModel], ChatCompletion] = await future
  File ""C:\Users\pecu6\OneDrive\桌面\autogen_project\venv\lib\site-packages\openai\resources\chat\completions\completions.py"", line 1927, in create
    return await self._post(
  File ""C:\Users\pecu6\OneDrive\桌面\autogen_project\venv\lib\site-packages\openai\_base_client.py"", line 1856, in post
    return await self.request(cast_to, opts, stream=stream, stream_cls=stream_cls)
  File ""C:\Users\pecu6\OneDrive\桌面\autogen_project\venv\lib\site-packages\openai\_base_client.py"", line 1550, in request
    return await self._request(
  File ""C:\Users\pecu6\OneDrive\桌面\autogen_project\venv\lib\site-packages\openai\_base_client.py"", line 1651, in _request
    raise self._make_status_error_from_response(err.response) from None
openai.BadRequestError: Error code: 400 - [{'error': {'code': 400, 'message': 'Request contains an invalid argument.', 'status': 'INVALID_ARGUMENT'}}]
"
assistant,"[user] 請根據以下檔案內容摘要進行詳細分析，識別出寶寶的日常行為特徵與照護需求，並整理出關鍵數據，作為後續寶寶照護建議的參考。

請讀取檔案 ""C:/Users/pecu6/AppData/Local/Temp/tmp8t_w6ql8.csv"" 並返回該檔案的內容摘要，摘要長度請控制在 1000 字內。File surfing error:

Traceback (most recent call last):
  File ""C:\Users\pecu6\OneDrive\桌面\autogen_project\venv\lib\site-packages\autogen_ext\agents\file_surfer\_file_surfer.py"", line 83, in on_messages
    _, content = await self._generate_reply(cancellation_token=cancellation_token)
  File ""C:\Users\pecu6\OneDrive\桌面\autogen_project\venv\lib\site-packages\autogen_ext\agents\file_surfer\_file_surfer.py"", line 129, in _generate_reply
    create_result = await self._model_client.create(
  File ""C:\Users\pecu6\OneDrive\桌面\autogen_project\venv\lib\site-packages\autogen_ext\models\openai\_openai_client.py"", line 534, in create
    result: Union[ParsedChatCompletion[BaseModel], ChatCompletion] = await future
  File ""C:\Users\pecu6\OneDrive\桌面\autogen_project\venv\lib\site-packages\openai\resources\chat\completions\completions.py"", line 1927, in create
    return await self._post(
  File ""C:\Users\pecu6\OneDrive\桌面\autogen_project\venv\lib\site-packages\openai\_base_client.py"", line 1856, in post
    return await self.request(cast_to, opts, stream=stream, stream_cls=stream_cls)
  File ""C:\Users\pecu6\OneDrive\桌面\autogen_project\venv\lib\site-packages\openai\_base_client.py"", line 1550, in request
    return await self._request(
  File ""C:\Users\pecu6\OneDrive\桌面\autogen_project\venv\lib\site-packages\openai\_base_client.py"", line 1651, in _request
    raise self._make_status_error_from_response(err.response) from None
openai.BadRequestError: Error code: 400 - [{'error': {'code': 400, 'message': 'Request contains an invalid argument.', 'status': 'INVALID_ARGUMENT'}}]


請提供一份完整的分析結果摘要。
【請注意：檔案內容已由系統提供，請勿要求提供原始檔案。】"
assistant,"[assistant] 很抱歉，由於我無法存取您電腦上的檔案，無法執行您的要求。  請提供檔案內容，我會盡力根據內容摘要進行分析。
"
assistant,"[web_surfer] I understand.  Please provide the file content. I will do my best to analyze it based on the summary.
"
