source,content
assistant,"請根據以下摘要進行分析，識別寶寶日常行為特徵與照護需求，整理關鍵數據：
區塊 1 摘要:
profile_id,gender,預產？,預產期,birthdate,encrypted_device_id,event_id,event_type,start_time,end_time,note,details,is_deleted,created_at,type_name
1,boy,0,,2024-07-31,,1,bottle,2024-08-16 9:35:33,2024-08-16 9:35:33,,""{""""type"""": """"formula"""", """"volume"""": 180, """"user_unit_preference"""": """"ml""""}"",0,2024-08-16 9:35:33,
3,girl,0,,2021-03-05,,2,bottle,2024-08-16 11:32:51,2024-08-16 11:32:51,,""{""""type"""": """"formula"""", """"volume"""": 180, """"user_unit_preference"""": """"ml""""}"",0,2024-08-16 11:32:51,
7,boy,0,2024-07-31,2024-07-31,,3,bottle,2024-08-20 10:36:46,2024-08-20 10:36:46,,""{""""type"""": """"formula"""", """"volume"""": 180, """"user_unit_preference"""": """"ml""""}"",0,2024-08-20 10:36:46,

區塊行數：198"
assistant,"分析結果：

**寶寶日常行為特徵：**

* **餵食：**  所有記錄的事件皆為奶瓶餵食 (bottle)。
* **奶粉種類：**  所有記錄皆為配方奶 (formula)。
* **奶量：** 所有記錄的奶量皆為 180ml。


**照護需求：**

* **餵食頻率：**  無法從提供數據得知餵食頻率。需要更多數據，例如不同時間段的餵食記錄，才能推斷餵食間隔。
* **其他：**  沒有其他照護需求相關資訊。

**關鍵數據：**

* **餵食類型：** 皆為配方奶(formula)。
* **餵食奶量：** 180ml。
* **餵食時間點：**  2024-08-16 9:35:33, 2024-08-16 11:32:51, 2024-08-20 10:36:46 (至少三次)。
* **性別：** 有男嬰及女嬰。
* **出生日期：** 2024-07-31 (至少一例) 及 2021-03-05 (至少一例)。  **需要注意的是，此數據與預產期有差異，需要考量資料的準確性**


**額外說明：**

此分析基於提供摘要的有限資料。  建議提供更完整數據，例如：

*  **更多事件紀錄：** 包含不同時間點的餵食記錄、睡眠時間、排便紀錄等，才能更全面的了解寶寶的日常行為和需求。
*  **父母填寫的資訊：** 例如，寶寶的年齡、體重、身高，以及父母關於餵食、睡眠或其他照護的觀察。


**TERMINATE**
"
